{
  "compilerOptions": {
    "lib": ["es6", "dom", "es2017", "es7"],
    "outDir": "lib/",
    "sourceMap": true,
    "module": "commonjs",
    "moduleResolution": "node",
    "noEmitOnError": true,
    "target": "es6",
    "declaration": true,
    "removeComments": false,
    "noImplicitAny": true,
    "forceConsistentCasingInFileNames": true,
    "pretty": true,
    "importHelpers": true,
    "allowSyntheticDefaultImports": true,
    "allowJs": true
  },
  "include": [
    "src**/*"
  ],
  "exclude": [
    "node_modules",
    "lib",
    "Web",
    "test**/*"
  ]
}